"";"VTI";"TLT";"BIL";"GLD";"SPY";"Date";"Date_aux";"carteraevol_sinreb_Activo1";"carteraevol_sinreb_Activo2";"carteraevol_sinreb_Activo3";"carteraevol_sinreb_Activo4";"carteraevol_sinreb_Activo5";"carteraevol_sinreb";"pond_sinreb_Activo1";"pond_sinreb_Activo2";"pond_sinreb_Activo3";"pond_sinreb_Activo4";"pond_sinreb_Activo5";"month";"Cantreb_Activo1";"Cantreb_Activo2";"Cantreb_Activo3";"Cantreb_Activo4";"Cantreb_Activo5";"carteraevol_conreb_Activo1";"carteraevol_conreb_Activo2";"carteraevol_conreb_Activo3";"carteraevol_conreb_Activo4";"carteraevol_conreb_Activo5";"carteraevol_conreb"
"2007-06-29";56,096783;54,963554;83,962051;64,269997;111,906425;2007-06-29;"2007-06";25;25;25;25;0;100;0,25;0,25;0,25;0,25;0;6;0,282653006742518;0,462552601168233;0,742768647717256;0,396354237930141;0;25;25;25;25;0;100
"2007-07-31";54,114002;56,787861;84,297607;65,790001;108,402672;2007-07-31;"2007-07";24,116357082366;25,8297803122411;25,0999129952173;25,5912572238023;0;100,637307613627;0,239636350119333;0,256662076169689;0,249409623432918;0,254291950278061;0;7;0,282653006742518;0,462552601168233;0,742768647717256;0,396354237930141;0;24,116357082366;25,8297803122411;25,0999129952173;25,5912572238023;0;100,637307613627
"2007-08-31";54,91013;57,803055;84,656502;66,519997;109,793739;2007-08-31;"2007-08";24,4711581767532;26,2915381163307;25,2067752608854;25,8752139820389;0;101,844685536008;0,240279186370517;0,258153265219078;0,247502116857863;0,254065431552543;0;8;0,282653006742518;0,462552601168233;0,742768647717256;0,396354237930141;0;24,4711581767532;26,2915381163307;25,2067752608854;25,8752139820389;0;101,844685536008
"2007-09-28";57,022373;57,934952;84,817268;73,510002;114,044312;2007-09-28;"2007-09";25,412496916267;26,3515310527409;25,2546439104971;28,5942140311598;0;105,612885910665;0,240619283311345;0,249510567063104;0,239124645565119;0,270745504060432;0;9;0,282653006742518;0,462552601168233;0,742768647717256;0,396354237930141;0;25,412496916267;26,3515310527409;25,2546439104971;28,5942140311598;0;105,612885910665
"2007-10-31";58,044395;58,987095;85,151085;78,620003;115,591515;2007-10-31;"2007-10";25,8679695589674;26,8300949934933;25,3540391122651;30,5819226193522;0;108,634026284078;0,238120324209678;0,246976899515191;0,233389481910247;0,281513294364884;0;10;0,282653006742518;0,462552601168233;0,742768647717256;0,396354237930141;0;25,8679695589674;26,8300949934933;25,3540391122651;30,5819226193522;0;108,634026284078
"2007-11-30";55,419529;62,143703;85,487778;77,32;111,114334;2007-11-30;"2007-11";24,6981760968361;28,2658682333388;25,4542906532857;30,0762422627778;0;108,494577246238;0,227644336921847;0,260527935596143;0,234613482990167;0,277214244491842;0;11;0,282653006742518;0,462552601168233;0,742768647717256;0,396354237930141;0;24,6981760968361;28,2658682333388;25,4542906532857;30,0762422627778;0;108,494577246238
"2007-12-31";55,034657;61,753632;85,689308;82,459999;109,863113;2007-12-31;"2007-12";24,526654674654;28,0884456634664;25,5142969292163;32,0756195927627;0;110,205016860099;0,222554792635162;0,254874473628759;0,231516655558482;0,291054078177597;0;12;0,282653006742518;0,462552601168233;0,742768647717256;0,396354237930141;0;27,5512542150248;27,5512542150248;27,5512542150248;27,5512542150248;0;110,205016860099
"2008-01-31";51,64119;63,047817;86,026154;91,400002;103,220695;2008-01-31;"2008-01";23,0143277556576;28,6771016481212;25,6145940265323;35,5531376483493;0;112,85916107866;0,203920776441153;0,254096356680641;0,226960698464518;0,315022168413688;0;1;0,282653006742518;0,462552601168233;0,742768647717256;0,396354237930141;0;25,8524288369127;28,1286521555423;27,6595586230534;30,5382575902745;0;112,178897205783
"2008-02-29";50,352058;62,76078;86,16684;96,18;100,5532;2008-02-29;"2008-02";22,4398153099082;28,5465437697133;25,6564837845612;37,4124803522241;0;114,055323216407;0,196745006520487;0,250286816649053;0,224947710120298;0,328020466710162;0;2;0,282653006742518;0,462552601168233;0,742768647717256;0,396354237930141;0;25,2070681608441;28,0005911962109;27,7047926883173;32,1353342534128;0;113,047786298785
"2008-03-31";49,901569;64,103188;86,36795;90,410004;99,654045;2008-03-31;"2008-03";22,2390511234842;29,1571338345406;25,7163650039945;35,1680442742202;0;112,28059423624;0,198066738733971;0,259680971880089;0,229036595138488;0,313215694247452;0;3;0,282653006742518;0,462552601168233;0,742768647717256;0,396354237930141;0;24,9815459601684;28,599503727676;27,7694545798007;30,2074828279517;0;111,557987095597
"2008-04-30";52,33952;62,509407;86,311462;86,650002;104,403801;2008-04-30;"2008-04";23,3255443542992;28,432207549752;25,6995455006215;33,7054636862672;0;111,16276109094;0,209832358654866;0,255770972857468;0,231188441600485;0,303208226887181;0;4;0,282653006742518;0,462552601168233;0,742768647717256;0,396354237930141;0;26,2020243173747;27,8884416561515;27,7512922759565;28,9512037567986;0;110,792962006281
"2008-05-30";53,394707;60,829006;86,394417;87,449997;105,981956;2008-05-30;"2008-05";23,7957972563239;27,6678824298734;25,7242456475962;34,016648934961;0;111,204574268755;0,213982180254701;0,2488016577718;0,231323628697385;0,305892533276113;0;5;0,282653006742518;0,462552601168233;0,742768647717256;0,396354237930141;0;26,7302682797454;27,1387342521533;27,777964381809;29,2184953634326;0;110,86546227714
"2008-06-30";49,058628;62,44315;86,596268;91,400002;97,124481;2008-06-30;"2008-06";21,8633874245516;28,4020707612903;25,7843475024211;35,5531376483493;0;111,602943336612;0,195903322716213;0,254492129975686;0,231036446992723;0,318568100315378;0;6;0,282653006742518;0,462552601168233;0,742768647717256;0,396354237930141;0;24,5595558353046;27,8588812336889;27,8428645233128;30,5382575902745;0;110,799559182581
"2008-07-31";48,752434;62,213715;86,75872;90,080002;96,25174;2008-07-31;"2008-07";21,7269295103785;28,2977129717631;25,8327181645432;35,0396787788865;0;110,897039425571;0,195919833594481;0,255171040799111;0,232943262492421;0,315965863113987;0;7;0,282653006742518;0,462552601168233;0,742768647717256;0,396354237930141;0;24,4062700842347;27,7565192866082;27,8950969015896;30,0972236828665;0;110,155109955299
"2008-08-29";49,46431;63,917969;86,826836;81,709999;97,739143;2008-08-29;"2008-08";22,0441829970892;29,0728875538143;25,8529999463686;31,7838815987497;0;108,753952096022;0,202697764745374;0,267327182079278;0,237720096126183;0,292254957049164;0;8;0,282653006742518;0,462552601168233;0,742768647717256;0,396354237930141;0;24,7626469150302;28,516868656844;27,9169978980606;27,3006667676339;0;108,497180237569
"2008-09-30";44,893276;64,861305;87,268158;85,07;88,534729;2008-09-30;"2008-09";20,0070635066542;29,5019609721744;25,9844051451292;33,0908682009118;0;108,58429782487;0,184253744854736;0,2716963830236;0,239301682339358;0,304748189782306;0;9;0,282653006742518;0,462552601168233;0,742768647717256;0,396354237930141;0;22,4743121342843;28,9377360472217;28,0588939513312;28,4232988660619;0;107,894240998899
"2008-10-31";37,046959;63,65451;87,065247;71,339996;73,909966;2008-10-31;"2008-10";16,5102867841815;28,9530540546923;25,9239876715256;27,7501164345783;0;99,1374449449777;0,166539361523236;0,292049629388386;0,261495418667625;0,279915590420753;0;10;0,282653006742518;0,462552601168233;0,742768647717256;0,396354237930141;0;18,5463168290956;28,3993269730733;27,9936529933341;23,8358766593589;0;98,7751734548618
"2008-11-28";34,077667;72,783417;87,021553;80,309998;68,765343;2008-11-28;"2008-11";15,186996997671;33,1053087469562;25,9109776272616;31,2393036209415;0;105,44258699283;0,14403095969851;0,313965255321431;0,245735412666075;0,296268372313984;0;11;0,282653006742518;0,462552601168233;0,742768647717256;0,396354237930141;0;17,0598404305847;32,4721698054158;27,9796042802593;26,8329031983876;0;104,344517714647
"2008-12-31";34,67952;82,720047;87,047997;86,519997;69,439003;2008-12-31;"2008-12";15,4552178152533;37,624953710235;25,9188514225314;33,654893822385;0;112,653916770405;0,137192014785886;0,33398708885477;0,230075013506681;0,298745882852663;0;12;0,282653006742518;0,462552601168233;0,742768647717256;0,396354237930141;0;27,790597031295;27,790597031295;27,790597031295;27,790597031295;0;111,16238812518
"2009-01-30";31,889013;71,907867;87,219116;91,309998;63,737053;2009-01-30;"2009-01";14,2116050576376;32,7070675779081;25,9698027148003;35,5181275331318;0;108,406602883478;0,131095382381027;0,301707338002868;0,23955923370013;0,327638045915976;0;1;0,282653006742518;0,462552601168233;0,742768647717256;0,396354237930141;0;25,5544110762989;24,158140954356;27,845227802103;29,3291660579502;0;106,886945890708
"2009-02-27";28,532698;70,806274;87,215294;92,629997;56,888569;2009-02-27;"2009-02";12,7158352378246;32,2060114598849;25,9686647006753;36,0315860136107;0;106,922097411995;0,118926167233959;0,301210060777125;0,242874628624353;0,336989143364563;0;2;0,282653006742518;0,462552601168233;0,742768647717256;0,396354237930141;0;22,8648122100201;23,7880501690414;27,8440076055963;29,7531554426321;0;104,25002542729
"2009-03-31";30,892967;73,672035;87,20961;90,279999;61,627991;2009-03-31;"2009-03";13,7677088363516;33,5094938547824;25,9669722694125;35,117474410338;0;108,361649370885;0,127053334055755;0,309237576664148;0,239632493785108;0,324076595494989;0;3;0,282653006742518;0,462552601168233;0,742768647717256;0,396354237930141;0;24,7562249130927;24,7508301967051;27,8421929543812;28,9983259268342;0;106,347573991013
"2009-04-30";34,288242;68,550369;87,262833;87,269997;67,750511;2009-04-30;"2009-04";15,2808415056528;31,1799201521794;25,9828196073962;33,9466318163979;0;106,390213081626;0,143630142877229;0,293071319711119;0,244221896495886;0,319076640915766;0;4;0,282653006742518;0,462552601168233;0,742768647717256;0,396354237930141;0;27,4770445592536;23,0301571422654;27,8591847175093;28,0315002732758;0;106,397886692304
"2009-05-29";36,161491;66,017471;87,272354;96,199997;71,710747;2009-05-29;"2009-05";16,1156705724105;30,0278394479367;25,9856545190874;37,4202588651124;0;109,549423404547;0,147108675441386;0,274103126376568;0,237204849751942;0,341583348430104;0;5;0,282653006742518;0,462552601168233;0,742768647717256;0,396354237930141;0;28,9781814867046;22,1792056475283;27,8622243540713;30,8998548744609;0;109,919466362765
"2009-06-30";36,294319;66,513298;87,260925;91,18;71,663788;2009-06-30;"2009-06";16,1748664803114;30,2533648024289;25,9822514935944;35,4675603921376;0;107,878043168472;0,149936595114644;0,280440429895289;0,240848375911103;0,328774599078963;0;6;0,282653006742518;0,462552601168233;0,742768647717256;0,396354237930141;0;29,084623831422;22,345783506874;27,858575577024;29,2874101384155;0;108,576393053735
"2009-07-31";39,102478;66,896431;87,205811;93,349998;77,010315;2009-07-31;"2009-07";17,4263459991993;30,4276316447805;25,9658411036195;36,3116548768471;0;110,131473624446;0,158232205796355;0,276284613684006;0,235771303598137;0,329711876921502;0;7;0,282653006742518;0,462552601168233;0,742768647717256;0,396354237930141;0;31,3349552999315;22,4745007307942;27,840980100763;29,984422876138;0;111,634859007627
"2009-08-31";40,553616;68,38884;87,266663;93,400002;79,855049;2009-08-31;"2009-08";18,0730577723147;31,1064491935874;25,9839600035497;36,331105632384;0;111,494572601836;0,162098094557987;0,278995187547589;0,233051344089568;0,325855373804857;0;8;0,282653006742518;0,462552601168233;0,742768647717256;0,396354237930141;0;32,4978315852664;22,9758899179265;27,8604074680641;30,0004843770874;0;113,334613348344
"2009-09-30";42,229912;70,069916;87,289474;98,849998;82,68647;2009-09-30;"2009-09";18,8201130891944;31,8710813350971;25,9907520601182;38,4510668329423;0;115,133013317352;0,163464088595673;0,276819657687998;0,225745434009248;0,333970819707081;0;9;0,282653006742518;0,462552601168233;0,742768647717256;0,396354237930141;0;33,8411392965949;23,5406636020491;27,8676900171259;31,7510466506641;0;117,000539566434
"2009-10-30";41,118809;68,236824;87,293297;102,529999;81,096825;2009-10-30;"2009-10";18,324940754624;31,0373051931831;25,9918903719967;39,8825283125499;0;115,236664632354;0,159020055058754;0,269335330835921;0,225552261989881;0,346092352115444;0;10;0,282653006742518;0,462552601168233;0,742768647717256;0,396354237930141;0;32,9507516633963;22,9248186776224;27,8689105328886;32,9330788791877;0;116,677559753095
"2009-11-30";43,459217;69,064461;87,257156;115,639999;86,092934;2009-11-30;"2009-11";19,3679631325739;31,4137532845856;25,9811292604084;44,9821084478968;0;121,744954125465;0,159086372586861;0,258029201376281;0,213406210113919;0,369478215922939;0;11;0,282653006742518;0,462552601168233;0,742768647717256;0,396354237930141;0;34,8262486603796;23,202871304396;27,8573723010863;37,1440675490125;0;123,030559814874
"2009-12-31";44,70351;64,681915;87,283798;107,309998;87,737389;2009-12-31;"2009-12";19,9224927033695;29,4203659938002;25,9890620108839;41,7418714054086;0;117,073792113462;0,17017038863883;0,251297625734096;0,221988726440984;0,356543259186091;0;12;0,282653006742518;0,462552601168233;0,742768647717256;0,396354237930141;0;29,9720486515848;29,9720486515848;29,9720486515848;29,9720486515848;0;119,888194606339
"2010-01-29";43,109493;66,42321;87,283798;105,959999;84,548798;2010-01-29;"2010-01";19,212105710233;30,2123885584255;25,9890620108839;41,2167434051693;0;116,630299684712;0,164726539862877;0,259044078940884;0,222832849449419;0,35339653174682;0;1;0,282653006742518;0,462552601168233;0,742768647717256;0,396354237930141;0;28,9033192592965;30,7789230067544;29,9720486515848;29,5949893238268;0;119,249280241462
"2010-02-26";44,592472;66,195816;87,264755;109,43;87,186302;2010-02-26;"2010-02";19,8730076910114;30,1089591113413;25,9833918897479;42,5665182464533;0;118,531876938554;0,167659605198975;0,254015711967082;0,21921016152657;0,359114521307374;0;2;0,282653006742518;0,462552601168233;0,742768647717256;0,396354237930141;0;29,8976017829122;30,6735540789625;29,9655095488469;30,5641724449843;0;121,100837855706
"2010-03-31";47,444504;64,833885;87,264755;108,949997;92,494148;2010-03-31;"2010-03";21,1440395788828;29,4894890712489;25,9833918897479;42,379804763333;0;118,996725303213;0,177685894506813;0,247817652091748;0,218353839767777;0,356142613633662;0;3;0,282653006742518;0,462552601168233;0,742768647717256;0,396354237930141;0;31,8097836643769;30,0424679060794;29,9655095488469;30,4301059690078;0;122,247867088311
"2010-04-30";48,479546;66,98761;87,2267;115,360001;93,925034;2010-04-30;"2010-04";21,6053146933577;30,4691041267091;25,9720608778363;44,8731937080999;0;122,919673406003;0,17576775218069;0,247878173464306;0,211292953830513;0,36506112052449;0;4;0,282653006742518;0,462552601168233;0,742768647717256;0,396354237930141;0;32,5037410109126;31,0404524351728;29,9524419883423;32,2204419612315;0;125,717077395659
"2010-05-28";44,657867;70,409531;87,264755;118,879997;86,46228;2010-05-28;"2010-05";19,9021515190987;32,0255541517566;25,9833918897479;46,2424158040648;0;124,153513364668;0,16030276534053;0,257951251509815;0,209284386607961;0,372461596541694;0;5;0,282653006742518;0,462552601168233;0,742768647717256;0,396354237930141;0;29,9414467096656;32,6260885854611;29,9655095488469;33,2035888565039;0;125,736633700478
"2010-06-30";42,049637;74,491714;87,283798;121,68;81,988647;2010-06-30;"2010-06";18,7397720293515;33,882322274866;25,9890620108839;47,3315721486653;0;125,942728463767;0,148795982570307;0,269029603282049;0,206356193230806;0,375818220916838;0;6;0,282653006742518;0,462552601168233;0,742768647717256;0,396354237930141;0;28,1927250443081;34,5176743166608;29,9720486515848;33,9856392498007;0;126,668087262355
"2010-07-30";45,00174;73,786842;87,24572;115,489998;87,588493;2010-07-30;"2010-07";20,0554013944079;33,56171345834;25,9777241506404;44,9237604601102;0;124,518599463499;0,161063499596195;0,269531729419896;0,208625251669776;0,360779519314134;0;7;0,282653006742518;0,462552601168233;0,742768647717256;0,396354237930141;0;30,1720008269142;34,1910535312815;29,9589731931984;32,2567505669642;0;126,578778118358
"2010-08-31";42,881672;79,978142;87,24572;122,080002;83,648735;2010-08-31;"2010-08";19,1105753782708;36,3778068281392;25,9777241506404;47,4871665234402;0;128,953272880491;0,148197676192227;0,28210068667162;0,201450677213254;0,368250959922899;0;8;0,282653006742518;0,462552601168233;0,742768647717256;0,396354237930141;0;28,7505737121157;37,0599535138587;29,9589731931984;34,0973611734628;0;129,866861592636
"2010-09-30";46,939827;77,962471;87,24572;127,910004;91,139877;2010-09-30;"2010-09";20,9191260575495;35,4609852012117;25,9777241506404;49,754943974869;0;132,112779384271;0,158342941198012;0,268414496814634;0,196632939460611;0,376609622526743;0;9;0,282653006742518;0,462552601168233;0,742768647717256;0,396354237930141;0;31,4714164176588;36,1259398984982;29,9589731931984;35,7257006277496;0;133,282030137105
"2010-10-29";48,829651;74,478058;87,264755;132,619995;94,621597;2010-10-29;"2010-10";21,7613419115317;33,8761108861337;25,9833918897479;51,5870550764146;0;133,207899763828;0,163363749072793;0,254310074298857;0,195058941217566;0,387267235410785;0;10;0,282653006742518;0,462552601168233;0,742768647717256;0,396354237930141;0;32,7384734534694;34,5113464536657;29,9655095488469;37,0412171875442;0;134,256546643526
"2010-11-30";49,078953;73,219971;87,264755;135,419998;94,621597;2010-11-30;"2010-11";21,8724454306052;33,3038739634631;25,9833918897479;52,676211421015;0;133,835922704831;0,163427314494957;0,24884106815562;0,194143630234859;0,393587987114565;0;11;0,282653006742518;0,462552601168233;0,742768647717256;0,396354237930141;0;32,9056212159815;33,9283791007058;29,9655095488469;37,823267580841;0;134,622777446375
"2010-12-31";52,494556;70,511497;87,24572;138,720001;100,947266;2010-12-31;"2010-12";23,394637442935;32,0719330667737;25,9777241506404;53,9598597616241;0;135,404154421973;0,172776363788869;0,236860775828375;0,1918532282967;0,398509632086056;0;12;0,282653006742518;0,462552601168233;0,742768647717256;0,396354237930141;0;34,1432341624831;34,1432341624831;34,1432341624831;34,1432341624831;0;136,572936649932
"2011-01-31";53,569824;68,33886;87,24572;129,869995;103,299355;2011-01-31;"2011-01";23,8738396103748;31,0837159474804;25,9777241506404;50,517349098367;0;131,452628806863;0,181615535779445;0,236463250903489;0,197620423314685;0,384300790002381;0;1;0,282653006742518;0,462552601168233;0,742768647717256;0,396354237930141;0;34,8426043431057;33,0911950341538;34,1432341624831;31,9649770617108;0;134,042010601453
"2011-02-28";55,550594;69,466599;87,24572;137,660004;106,887703;2011-02-28;"2011-02";24,756586309058;31,5966644915283;25,9777241506404;53,5475378970377;0;135,878512848264;0,182196476765268;0,232536137091906;0,191183459445495;0,39408392669733;0;2;0,282653006742518;0,462552601168233;0,742768647717256;0,396354237930141;0;36,1309263918153;33,6372713251048;34,1432341624831;33,8823364871541;0;137,793768366557
"2011-03-31";55,783096;69,486938;87,24572;139,860001;106,900528;2011-03-31;"2011-03";24,8602027677773;31,6059156218319;25,9777241506404;54,4033015125238;0;136,847144052773;0,181664023314876;0,230957802156569;0,189830225032847;0,397547949495708;0;3;0,282653006742518;0,462552601168233;0,742768647717256;0,396354237930141;0;36,2821491248783;33,6471199209959;34,1432341624831;34,4238230225223;0;138,49632623088
"2011-04-29";57,398705;71,112343;87,24572;152,369995;109,996559;2011-04-29;"2011-04";25,5802124161024;32,3452259837492;25,9777241506404;59,2694889187563;0;143,172651469248;0,17866689031457;0,225917629182809;0,181443340498727;0,413972140003894;0;4;0,282653006742518;0,462552601168233;0,742768647717256;0,396354237930141;0;37,3329650685737;34,4341771511646;34,1432341624831;37,5029150888009;0;143,413291471022
"2011-05-31";56,789806;73,546448;87,264755;149,639999;108,762978;2011-05-31;"2011-05";25,3088514897548;33,4523710020644;25,9833918897479;58,207564176485;0;142,952178558052;0,177044181802917;0,234010921270987;0,181762825525574;0,407182071400523;0;5;0,282653006742518;0,462552601168233;0,742768647717256;0,396354237930141;0;36,9369281702275;35,612824896951;34,1506834271838;36,830979592703;0;143,531416087065
"2011-06-30";55,76783;71,83786;87,264755;146;106,928177;2011-06-30;"2011-06";24,8533993473387;32,6752251137181;25,9833918897479;56,791662834526;0;140,303679185331;0,177140040030662;0,232889296299611;0,185193945309344;0,404776718360382;0;6;0,282653006742518;0,462552601168233;0,742768647717256;0,396354237930141;0;36,2722198931171;34,7854886092076;34,1506834271838;35,9350645313399;0;141,143456460848
"2011-07-29";54,504078;75,009201;87,264755;158,289993;104,789139;2011-07-29;"2011-07";24,2901977106245;34,117699612365;25,9833918897479;61,5722733735307;0;145,963562586268;0,166412749046656;0,233741209161023;0,178012864507819;0,421833177284502;0;7;0,282653006742518;0,462552601168233;0,742768647717256;0,396354237930141;0;35,4502569364382;36,3211224133245;34,1506834271838;38,9600076241119;0;144,882070401058
"2011-08-31";51,185749;82,260658;87,264755;177,720001;99,028282;2011-08-31;"2011-08";22,8113566690625;37,4160020656597;25,9833918897479;69,1302354502988;0;155,340986074769;0,146846992834736;0,240863683250025;0,167266814421028;0,44502250949421;0;8;0,282653006742518;0,462552601168233;0,742768647717256;0,396354237930141;0;33,291966768689;39,8324390766223;34,1506834271838;43,7423267427725;0;151,017416015268
"2011-09-30";47,309948;93,124161;87,24572;158,059998;92,153679;2011-09-30;"2011-09";21,0840735733455;42,3572323034278;25,9777241506404;61,4828090002867;0;150,9018390277;0,139720454761822;0,280693943667926;0,172149818173334;0,407435783396918;0;9;0,282653006742518;0,462552601168233;0,742768647717256;0,396354237930141;0;30,7710885825741;45,0927887009373;34,1432341624831;38,903398821599;0;148,910510267593
"2011-10-31";52,686829;89,558228;87,207695;167,339996;102,211983;2011-10-31;"2011-10";23,4803255117143;40,7352788722505;25,9664020713358;65,0925796682393;0;155,27458612354;0,151218084671195;0,262343503139919;0,167228924704242;0,419209487484644;0;10;0,282653006742518;0,462552601168233;0,742768647717256;0,396354237930141;0;34,2682913600737;43,3660846795105;34,1283532436365;41,1874901022887;0;152,950219385509
"2011-11-30";52,490105;91,339615;87,2267;170,130005;101,7966;2011-11-30;"2011-11";23,3926538175995;41,5455371572224;25,9720608778363;66,1778485068235;0;157,088100359482;0,14891423197599;0,264472847161238;0,165334362172575;0,421278558690197;0;11;0,282653006742518;0,462552601168233;0,742768647717256;0,396354237930141;0;34,1403391663761;44,2286718612151;34,1357907679673;41,8741966328231;0;154,378998428382
"2011-12-30";53,002983;94,486198;87,211487;151,990005;102,860207;2011-12-30;"2011-12";23,6212221830974;42,9767505572875;25,9675311528538;59,1216788916296;0;151,687182784868;0,155723257228651;0,283324864818932;0,171191333876129;0,389760544076288;0;12;0,282653006742518;0,462552601168233;0,742768647717256;0,396354237930141;0;37,9413662591834;37,9413662591834;37,9413662591834;37,9413662591834;0;151,765465036734
"2012-01-31";55,69022;94,174477;87,192467;169,309998;107,630302;2012-01-31;"2012-01";24,8188118024522;42,8349652389654;25,9618678800498;65,8588789104814;0;159,474523831949;0,155628693574942;0,268600678087643;0,162796334212027;0,412974294125388;0;1;0,282653006742518;0,462552601168233;0,742768647717256;0,396354237930141;0;39,8649833364001;37,8161932616237;37,9330916062555;42,2649676566535;0;157,879235860933
"2012-02-29";58,039501;91,728714;87,211487;164,289993;112,302071;2012-02-29;"2012-02";25,8657885069809;41,722517615946;25,9675311528538;63,9061773256345;0;157,462014601415;0,164266846022865;0,264968778162521;0,164912986910434;0,405851388904179;0;2;0,282653006742518;0,462552601168233;0,742768647717256;0,396354237930141;0;41,5466798338735;36,8340859091175;37,9413662591834;41,01182046235;0;157,333952464524
"2012-03-30";59,819973;87,843124;87,192467;162,119995;115,914085;2012-03-30;"2012-03";26,6592707285906;39,9551692017587;25,9618678800498;63,062082840925;0;155,638390651324;0,17128981234659;0,256717953935093;0,1668088944598;0,405183339258517;0;3;0,282653006742518;0,462552601168233;0,742768647717256;0,396354237930141;0;42,8212031992135;35,2738094196029;37,9330916062555;40,4701224151679;0;156,49822664024
"2012-04-30";59,439159;92,089676;87,211487;161,880005;115,140297;2012-04-30;"2012-04";26,4895577880108;41,8867000485449;25,9675311528538;62,9687305726807;0;157,31251956209;0,168388109616129;0,266264250074594;0,165069704719875;0,400277935589401;0;4;0,282653006742518;0,462552601168233;0,742768647717256;0,396354237930141;0;42,5486033825084;36,9790318561186;37,9413662591834;40,4102135514992;0;157,87921504931
"2012-05-31";55,73872;100,4011;87,211487;151,619995;108,225456;2012-05-31;"2012-05";24,8404262326415;45,6671251644317;25,9675311528538;58,9777509247433;0;155,45283347467;0,159793975300483;0,293768367830187;0,167044437675592;0,379393219193738;0;5;0,282653006742518;0,462552601168233;0,742768647717256;0,396354237930141;0;39,899701311869;40,3165222916991;37,9413662591834;37,8490004162481;0;156,006590279
"2012-06-29";57,993423;98,716156;87,173409;155,190002;112,617378;2012-06-29;"2012-06";25,8452534613259;44,9007336752642;25,9561932926103;60,366426499133;0;157,068606928333;0,16454754369292;0,285867014124288;0,165253858172012;0,384331584010781;0;6;0,282653006742518;0,462552601168233;0,742768647717256;0,396354237930141;0;41,5136956096745;39,6399252988747;37,9248004214238;38,7401836432955;0;157,818604973268
"2012-07-31";58,500957;102,484428;87,173409;156,490005;113,9496;2012-07-31;"2012-07";26,0714402285778;46,6147203654261;25,9561932926103;60,8721068557075;0;159,514460742322;0,163442487328427;0,292228805767818;0,162720001508451;0,381608705395304;0;7;0,282653006742518;0,462552601168233;0,742768647717256;0,396354237930141;0;41,877005980017;41,1530922072969;37,9248004214238;39,0647042587204;0;160,019602867458
"2012-08-31";60,081848;101,132774;87,173409;164,220001;116,804298;2012-08-31;"2012-08";26,7759775101542;45,9999247865231;25,9561932926103;63,8789515580653;0;162,611047147353;0,164662721136595;0,282883147199953;0,159621340296085;0,392832791367368;0;8;0,282653006742518;0,462552601168233;0,742768647717256;0,396354237930141;0;43,0086623708818;40,6103293429292;37,9248004214238;40,9943483127358;0;162,538140447971
"2012-09-28";61,578693;98,571281;87,173409;171,889999;119,765427;2012-09-28;"2012-09";27,443058989675;44,8348377362934;25,9561932926103;66,86245799887;0;165,096548017449;0,166224305227597;0,271567384507367;0,157218267760917;0,40499004250412;0;9;0,282653006742518;0,462552601168233;0,742768647717256;0,396354237930141;0;44,0801557315144;39,5817500780155;37,9248004214238;42,9090150260188;0;164,495721256972
"2012-10-31";60,466675;98,094193;87,192467;166,830002;117,585892;2012-10-31;"2012-10";26,9474788777103;44,6178357571274;25,9618678800498;64,8942001662144;0;162,421382681102;0,165910906759235;0,274704198552047;0,159842672507125;0,399542222181593;0;10;0,282653006742518;0,462552601168233;0,742768647717256;0,396354237930141;0;43,284134831619;39,3901732029902;37,9330916062555;41,645884602098;0;162,253284242963
"2012-11-30";60,934898;99,231255;87,173409;166,050003;118,251389;2012-11-30;"2012-11";27,1561463693916;45,1350248384593;25,9561932926103;64,5907930414249;0;162,838157541886;0,166767708375762;0,277177201706237;0,159398716396884;0,396656373521117;0;11;0,282653006742518;0,462552601168233;0,742768647717256;0,396354237930141;0;43,6193050301335;39,8467656653242;37,9248004214238;41,4511729318089;0;162,84204404869
"2012-12-31";61,722672;96,762726;87,173409;162,020004;119,307892;2012-12-31;"2012-12";27,507224433886;44,012222171805;25,9561932926103;63,0231879425792;0;160,49882784088;0,171385827572254;0,27422145547031;0,161722011567233;0,392670705390203;0;12;0,282653006742518;0,462552601168233;0,742768647717256;0,396354237930141;0;40,352174852817;40,352174852817;40,352174852817;40,352174852817;0;161,408699411268
"2013-01-31";65,066566;93,680519;87,173409;161,199997;125,415283;2013-01-31;"2013-01";28,9974587312788;42,6102899932563;25,9561932926103;62,704218346237;0;160,268160363382;0,180930876510541;0,265868715886201;0,161954771513935;0,391245636089322;0;1;0,282653006742518;0,462552601168233;0,742768647717256;0,396354237930141;0;42,5382985413262;39,0668270651102;40,352174852817;40,1479465783594;0;162,105247037613
"2013-02-28";65,900436;94,840942;87,173409;153;127,01545;2013-02-28;"2013-02";29,3690798632784;43,1381047521054;25,9561932926103;59,5145507786471;0;157,977928686641;0,185906221884538;0,273064124278224;0,164302656126705;0,376726997710534;0;2;0,282653006742518;0,462552601168233;0,742768647717256;0,396354237930141;0;43,0834542669973;39,5507488574668;40,352174852817;38,1056820149258;0;161,092059992207
"2013-03-28";68,50251;94,443115;87,173409;154,449997;131,838409;2013-03-28;"2013-03";30,5287158801958;42,9571543899799;25,9561932926103;60,0785764001203;0;159,520639962906;0,191377842311156;0,269289004858361;0,162713698356814;0,376619454473669;0;3;0,282653006742518;0,462552601168233;0,742768647717256;0,396354237930141;0;44,784601375923;39,3848462901376;40,352174852817;38,4668135482891;0;162,988436067167
"2013-04-30";69,60247;98,867706;87,154419;142,770004;134,371292;2013-04-30;"2013-04";31,018922243723;44,9696657170313;25,9505389524132;55,5352460962461;0;157,474373009414;0,196977588485897;0,285568152186535;0,164792140184371;0,352662119143197;0;4;0,282653006742518;0,462552601168233;0,742768647717256;0,396354237930141;0;45,50371765545;41,2299975902798;40,34338446812;35,5578325078018;0;162,634932221652
"2013-05-31";71,303185;92,183319;87,173409;133,919998;137,543808;2013-05-31;"2013-05";31,7768600919593;41,9292932731388;25,9561932926103;52,092735432989;0;151,755082090697;0,209395689779718;0,276295809639373;0,171040026699715;0,343268473881194;0;5;0,282653006742518;0,462552601168233;0,742768647717256;0,396354237930141;0;46,6155870355508;38,442461891793;40,352174852817;33,3536788184803;0;158,763902598641
"2013-06-28";70,278763;89,167709;87,154419;119,110001;135,708313;2013-06-28;"2013-06";31,3203178692083;40,5576525309844;25,9505389524132;46,3318836781648;0;144,160393030771;0,217260214201296;0,281337000255871;0,180011571880732;0,3213912136621;0;6;0,282653006742518;0,462552601168233;0,742768647717256;0,396354237930141;0;45,9458549204688;37,1848865108772;40,34338446812;29,6651491693038;0;153,13927506877
"2013-07-31";74,316788;87,154327;87,154419;127,959999;142,721359;2013-07-31;"2013-07";33,1198974458125;39,6418720485215;25,9505389524132;49,7743912295499;0;148,486699676297;0,223049589747865;0,266972544577671;0,174766756948506;0,335211108725958;0;7;0,282653006742518;0,462552601168233;0,742768647717256;0,396354237930141;0;48,5857777491508;36,3452621444707;40,34338446812;31,8693008661714;0;157,143725227913
"2013-08-30";72,063972;85,986099;87,154419;134,619995;138,440796;2013-08-30;"2013-08";32,1159111744429;39,1105072099231;25,9505389524132;52,3650230604492;0;149,541980397228;0,214761842053539;0,261535303371227;0,173533471226479;0,350169383348756;0;8;0,282653006742518;0,462552601168233;0,742768647717256;0,396354237930141;0;47,1129635919279;35,8580854962647;40,34338446812;33,528017792947;0;156,84245134926
"2013-09-30";74,872429;86,546547;87,135399;128,179993;142,82193;2013-09-30;"2013-09";33,3675234995205;39,3654252234126;25,9448756796091;49,8599653738898;0;148,537789776432;0,224639962327047;0,26501959725308;0,174668518487177;0,335671921932697;0;9;0,282653006742518;0,462552601168233;0,742768647717256;0,396354237930141;0;48,9490368573662;36,0918045803251;40,3345801965594;31,9240918557739;0;157,299513490025
"2013-10-31";78,0672;87,784546;87,116371;127,739998;149,435532;2013-10-31;"2013-10";34,7912998861272;39,9285251823417;25,9392100247765;49,6888143623221;0;150,347849455568;0,231405371025337;0,265574302039763;0,172527975083823;0,330492351851077;0;10;0,282653006742518;0,462552601168233;0,742768647717256;0,396354237930141;0;51,0376690216819;36,6080772628001;40,3257722218352;31,8145081331716;0;159,786026639489
"2013-11-29";80,177116;85,411461;87,097313;120,699997;153,864426;2013-11-29;"2013-11";35,7316015786502;38,8491349194777;25,933535437337;46,9503666695363;0;147,464638605001;0,242306236374138;0,263447123913815;0,175862740265499;0,318383899446548;0;11;0,282653006742518;0,462552601168233;0,742768647717256;0,396354237930141;0;52,4170600395684;35,6184488715888;40,3169503602472;30,0611483979379;0;158,413607669342
"2013-12-31";82,368759;83,814613;87,097313;116,120003;157,853638;2013-12-31;"2013-12";36,708325591505;38,1228136193668;25,933535437337;45,168822320001;0;145,93349696821;0,251541464805037;0,261234153990509;0,177707901037871;0,309516480166583;0;12;0,282653006742518;0,462552601168233;0,742768647717256;0,396354237930141;0;39,5099575098128;39,5099575098128;39,5099575098128;39,5099575098128;0;158,039830039251
"2014-01-31";79,758255;89,097221;87,097313;120,089996;152,289597;2014-01-31;"2014-01";35,5449326746598;40,5255912854544;25,933535437337;46,7130860454218;0;148,717145442873;0,239010321027939;0,272501137409348;0,174381611213073;0,31410693034964;0;1;0,282653006742518;0,462552601168233;0,742768647717256;0,396354237930141;0;38,2577727813868;42,0001630974827;39,5099575098128;40,8607519525605;0;160,628645341243
"2014-02-28";83,639664;89,564102;87,116371;127,620003;159,221161;2014-02-28;"2014-02";37,2747150224283;40,7379506427114;25,9392100247765;49,6421382282;0;153,594013918116;0,24268338375674;0,265231369397179;0,168881646901976;0,323203599944104;0;2;0,282653006742518;0,462552601168233;0,742768647717256;0,396354237930141;0;40,1195745922919;42,2202494023869;39,5186027910997;43,4228450367175;0;165,281271822496
"2014-03-31";84,065697;90,219894;87,097313;123,610001;160,541946;2014-03-31;"2014-03";37,4645801881366;41,036235575305;25,933535437337;48,0823116422426;0;152,516662843021;0,245642538262834;0,269060670554678;0,170037391022837;0,315259400159651;0;3;0,282653006742518;0,462552601168233;0,742768647717256;0,396354237930141;0;40,3239305390384;42,5293877868268;39,5099575098128;42,0584374881381;0;164,421713323816
"2014-04-30";84,117462;92,110176;87,097313;124,220001;161,657974;2014-04-30;"2014-04";37,4876496928532;41,896024409193;25,933535437337;48,3195918773732;0;153,636801416756;0,244001758349315;0,272695239830889;0,16879767866938;0,314505323150416;0;4;0,282653006742518;0,462552601168233;0,742768647717256;0,396354237930141;0;40,3487607413545;43,4204610594739;39,5099575098128;42,2659906526087;0;165,54516996325
"2014-05-30";85,885529;94,827034;87,097313;120,43;165,409439;2014-05-30;"2014-05";38,2756035225763;43,1317787419642;25,933535437337;46,8453421586436;0;154,186259860521;0,24824263560969;0,279738147750531;0,168196150946244;0,303823065693535;0;5;0,282653006742518;0,462552601168233;0,742768647717256;0,396354237930141;0;41,1968523344851;44,7011797825944;39,5099575098128;40,9764386839255;0;166,384428310818
"2014-06-30";88,13678;94,58876;87,078278;128,039993;168,824295;2014-06-30;"2014-06";39,2788923386213;43,0234005610336;25,9278676982295;49,8055076150074;0;158,035668212892;0,248544475957846;0,272238546193738;0,164063391457312;0,315153586391104;0;6;0,282653006742518;0,462552601168233;0,742768647717256;0,396354237930141;0;42,276713588118;44,5888581327206;39,5013226620167;43,565747091711;0;169,932641474566
"2014-07-31";86,378708;95,216911;87,059265;123,389999;166,55574;2014-07-31;"2014-07";38,4953928641505;43,3091130715456;25,9222065097004;47,9967343860309;0;155,723446831427;0,247203575617115;0,278115556473832;0,16646309234191;0,308217775567143;0;7;0,282653006742518;0,462552601168233;0,742768647717256;0,396354237930141;0;41,4334163130043;44,8849666325563;39,4926977940815;41,9835815679908;0;167,794662307633
"2014-08-29";89,964119;99,71479;87,078278;123,860001;173,128616;2014-08-29;"2014-08";40,0932612303276;45,3549592153375;25,9278676982295;48,179557640247;0;159,555645784142;0,25128074304916;0,284257940184059;0,162500471674356;0,301960845092425;0;8;0,282653006742518;0,462552601168233;0,742768647717256;0,396354237930141;0;43,1532362785475;47,0052533202045;39,5013226620167;42,1435002604621;0;171,803312521231
"2014-09-30";88,077904;97,608475;87,078278;116,209999;170,740082;2014-09-30;"2014-09";39,2526537573465;44,3969084495519;25,9278676982295;45,2038293233466;0;154,781259228474;0,2536008167462;0,2868364598586;0,167512965248313;0,292049758146887;0;9;0,282653006742518;0,462552601168233;0,742768647717256;0,396354237930141;0;42,2484724407875;46,0123427384628;39,5013226620167;39,540578746845;0;167,302716588112
"2014-10-31";90,496475;100,359619;87,059265;112,660004;174,761108;2014-10-31;"2014-10";40,3305101292529;45,6482576617953;25,9222065097004;43,8229380966052;0;155,723912397354;0,258987264758307;0,293135825828192;0,166462594669185;0,281414314744316;0;10;0,282653006742518;0,462552601168233;0,742768647717256;0,396354237930141;0;43,4085923528098;47,3092237792829;39,4926977940815;38,3326890810994;0;168,543203007274
"2014-11-28";92,741035;103,3377;87,059265;112,110001;179,562164;2014-11-28;"2014-11";41,3308170452484;47,0028284561075;25,9222065097004;43,6089957340437;0;157,8648477451;0,261811401560303;0,29774094187201;0,164205058187218;0,27624259838047;0;11;0,282653006742518;0,462552601168233;0,742768647717256;0,396354237930141;0;44,485244123516;48,7130822421357;39,4926977940815;38,1455499612333;0;170,836574120967
"2014-12-31";92,705528;106,697563;87,04026;113,580002;179,10672;2014-12-31;"2014-12";41,314993054058;48,5310515946622;25,9165477031999;44,1808025912931;0;159,943394943213;0,258310091946758;0,303426419152181;0,162035748412126;0,276227740488935;0;12;0,282653006742518;0,462552601168233;0,742768647717256;0,396354237930141;0;43,2237299942043;43,2237299942043;43,2237299942043;43,2237299942043;0;172,894919976817
"2015-01-30";90,16922;117,170738;87,02121;123,449997;173,799881;2015-01-30;"2015-01";40,1846662044774;53,2947423669146;25,9108754977889;48,0200726475839;0;167,410356716765;0,240036918817778;0,318347941024234;0,154774626886594;0,286840513271394;0;1;0,282653006742518;0,462552601168233;0,742768647717256;0,396354237930141;0;42,0411824747712;47,4664669007825;43,2142698655651;46,9798313448994;0;179,701750586018
"2015-02-27";95,346733;109,978378;87,02121;116,160004;183,568253;2015-02-27;"2015-02";42,4920681280422;50,0233199985576;25,9108754977889;45,1843820686657;0;163,610645693054;0,259714567765721;0,305746119310629;0,158369129270473;0,276170183653177;0;2;0,282653006742518;0,462552601168233;0,742768647717256;0,396354237930141;0;44,4551854881997;44,5528049771159;43,2142698655651;44,2055692957436;0;176,427829626624
"2015-03-31";94,237976;111,179558;87,02121;113,660004;180,685211;2015-03-31;"2015-03";41,9979413079713;50,5696729509158;25,9108754977889;44,2119220886225;0;162,690411845298;0,258146382639359;0,310833763202974;0,159264920433218;0,27175493372445;0;3;0,282653006742518;0,462552601168233;0,742768647717256;0,396354237930141;0;43,9382301972791;45,0394091556428;43,2142698655651;43,2541753612241;0;175,446084579711
"2015-04-30";94,817932;107,371475;87,002151;113,470001;182,462021;2015-04-30;"2015-04";42,2564035445669;48,8375783523751;25,9052006125958;44,1380139631872;0;161,137196472725;0,262238666611774;0,303080725130039;0,16076487105186;0,273915737206327;0;4;0,282653006742518;0,462552601168233;0,742768647717256;0,396354237930141;0;44,2086332907443;43,4967352017165;43,2048052675738;43,1818682805279;0;174,092042040562
"2015-05-29";96,04805;104,82415;86,983139;114,099998;184,807816;2015-05-29;"2015-05";42,8046159081885;47,6789355724704;25,8995397218203;44,3830727112061;0;160,766163913685;0,266253886179496;0,296573199308712;0,161100688673057;0,276072225838736;0;5;0,282653006742518;0,462552601168233;0,742768647717256;0,396354237930141;0;44,7821728567237;42,4648007796764;43,1953640095324;43,4216184103541;0;173,863956056287
"2015-06-30";94,439377;100,555756;86,983139;112,370003;181,053986;2015-06-30;"2015-06";42,0876973462097;45,7374699605488;25,8995397218203;43,7101323499362;0;157,434839378515;0,267334076195293;0,290516826777991;0,16450958265693;0,277639514369786;0;6;0,282653006742518;0,462552601168233;0,742768647717256;0,396354237930141;0;44,0321329302916;40,7356524788396;43,1953640095324;42,7632557104545;0;170,726405129118
"2015-07-31";96,045418;105,126961;86,983139;104,93;185,143875;2015-07-31;"2015-07";42,8034429353997;47,816668205262;25,8995397218203;40,8160902823755;0;157,335741144857;0,2720516179219;0,303914850226165;0,164613199349122;0,259420332502813;0;7;0,282653006742518;0,462552601168233;0,742768647717256;0,396354237930141;0;44,7809456930388;42,587471068812;43,1953640095324;39,9319062196518;0;170,495686991035
"2015-08-31";90,194801;104,40213;86,983139;108,82;173,859283;2015-08-31;"2015-08";40,1960665908418;47,4869811002396;25,8995397218203;42,3292380113228;0;155,911825424224;0,257812814912989;0,304575877878609;0,166116583212015;0,271494723996387;0;8;0,282653006742518;0,462552601168233;0,742768647717256;0,396354237930141;0;42,0531095546426;42,2938383132501;43,1953640095324;41,4122751817641;0;168,954587059189
"2015-09-30";87,558456;106,455566;86,945068;106,860001;169,423126;2015-09-30;"2015-09";39,02115741646;48,4209800188685;25,8882039458517;41,5668297759528;0;154,897171157133;0,251916527106074;0,312600802565649;0,16713154767423;0,268351122654048;0;9;0,282653006742518;0,462552601168233;0,742768647717256;0,396354237930141;0;40,8239200239863;43,1256957683672;43,1764581534997;40,6663827176584;0;167,792456663512
"2015-10-30";94,48542;106,02037;86,926033;109,300003;183,834244;2015-10-30;"2015-10";42,1082167938222;48,2230324843987;25,8825362067442;42,515951494443;0;158,729736979408;0,265282470664491;0,303805911873051;0,163060411358849;0,267851206103609;0;10;0,282653006742518;0,462552601168233;0,742768647717256;0,396354237930141;0;44,0536003685669;42,9493956367648;43,1670054737807;41,5949439588645;0;171,764945437977
"2015-11-30";95,053078;105,100464;86,945068;101,919998;184,506165;2015-11-30;"2015-11";42,3611983239752;47,8046161279891;25,8882039458517;39,6452476884354;0;155,699266086251;0,272070635840433;0,307031737076443;0,166270558600518;0,254627068482606;0;11;0,282653006742518;0,462552601168233;0,742768647717256;0,396354237930141;0;44,3182695490396;42,5767369982161;43,1764581534997;38,7864271613752;0;168,857891862131
"2015-12-31";93,03466;104,788139;86,926033;101,459999;181,317383;2015-12-31;"2015-12";41,4616734795648;47,6625560821631;25,8825362067442;39,4663154410914;0;154,473081209563;0,268407111160788;0,308549267671449;0,167553699350575;0,255489921817187;0;12;0,282653006742518;0,462552601168233;0,742768647717256;0,396354237930141;0;41,9014440175348;41,9014440175348;41,9014440175348;41,9014440175348;0;167,605776070139
"2016-01-29";87,70948;110,628052;86,945068;106,949997;172,290207;2016-01-29;"2016-01";39,0884625237779;50,3188221780564;25,8882039458517;41,6018367792984;0;156,897325426984;0,249134027093206;0,32071179060011;0,16500092576721;0,265153256539473;0;1;0,282653006742518;0,462552601168233;0,742768647717256;0,396354237930141;0;39,5030611820056;44,2366394888159;41,9106195655191;44,1687301019096;0;169,81905033825
"2016-02-29";87,700554;114,041977;86,945068;118,639999;172,147903;2016-02-29;"2016-02";39,0844845773063;51,8716352476043;25,8882039458517;46,1490604239487;0;162,993384194711;0,239791846585725;0,318243807893692;0,158829783636652;0,283134561883931;0;2;0,282653006742518;0,462552601168233;0,742768647717256;0,396354237930141;0;39,4990410427446;45,6017595170241;41,9106195655191;48,9965240029116;0;176,007944128199
"2016-03-31";93,935966;113,935547;86,945068;117,639999;183,727661;2016-03-31;"2016-03";41,8633480283531;51,8232258962002;25,8882039458517;45,7600764319314;0;165,334854302336;0,253203404720704;0,31344404732371;0,156580438257209;0,276772109698377;0;3;0,282653006742518;0,462552601168233;0,742768647717256;0,396354237930141;0;42,3073789981288;45,5592015450117;41,9106195655191;48,5835391376393;0;178,360739246299
"2016-04-29";94,554314;113,096375;86,983139;123,650002;184,451706;2016-04-29;"2016-04";42,1389199804916;51,4415311462574;25,8995397218203;48,0978713909073;0;167,577862239477;0,251458751277499;0,30697092359816;0,154552274242576;0,287018050881764;0;4;0,282653006742518;0,462552601168233;0,742768647717256;0,396354237930141;0;42,5858738526846;45,2236433519315;41,9289711435232;51,06557941688;0;180,804067765019
"2016-05-31";96,194283;114,007294;86,983139;116,059998;187,589539;2016-05-31;"2016-05";42,8697858663303;51,8558597939282;25,8995397218203;45,14548133556;0;165,770666717639;0,258608997087232;0,312816862118649;0,156237169305325;0,272336971488794;0;5;0,282653006742518;0,462552601168233;0,742768647717256;0,396354237930141;0;43,3244917961908;45,5878908884109;41,9289711435232;47,9310226375244;0;178,772376465649
"2016-06-30";96,457306;121,912766;86,964111;126,470001;188,241577;2016-06-30;"2016-06";42,9870042636848;55,4516389169449;25,8938740669877;49,1948058594121;0;173,527323107029;0,247724701182481;0,319555663765659;0,149220731371605;0,283498903680254;0;6;0,282653006742518;0,462552601168233;0,742768647717256;0,396354237930141;0;43,4429534911099;48,7490377090466;41,9197989697883;52,2301963239628;0;186,341986493908
"2016-07-29";100,29184;124,475975;87,002151;128,979996;195,106964;2016-07-29;"2016-07";44,6958963760899;56,6175064843878;25,9052006125958;50,1711537344556;0;177,389757207529;0,251964358482096;0,319170099647584;0,146035492806325;0,282830049063995;0;7;0,282653006742518;0,462552601168233;0,742768647717256;0,396354237930141;0;45,1699712685096;49,7739834657295;41,9381356046883;53,2667862708717;0;190,148876609799
"2016-08-31";100,498878;123,214462;87,002151;124,779999;195,340668;2016-08-31;"2016-08";44,7881645904721;56,0437112563718;25,9052006125958;48,5374221349349;0;175,274498594375;0,255531551649862;0,319748233233117;0,14779788742997;0,276922327687051;0;8;0,282653006742518;0,462552601168233;0,742768647717256;0,396354237930141;0;45,263218141949;49,2695445392314;41,9381356046883;51,532251075683;0;188,003149361552
"2016-09-30";100,698982;121,355873;87,02121;125,639999;195,352005;2016-09-30;"2016-09";44,8773426098249;55,1983378840458;25,9108754977889;48,8719483680698;0;174,858504359729;0,256649470805838;0,315674310987406;0,148181957707264;0,279494260499492;0;9;0,282653006742518;0,462552601168233;0,742768647717256;0,396354237930141;0;45,3533420436614;48,5263539102318;41,9473227215274;51,8874180598171;0;187,714436735238
"2016-10-31";98,491997;116,039742;87,04026;121,940002;191,965164;2016-10-31;"2016-10";43,8937813064967;52,7803123866408;25,9165477031999;47,4327087645577;0;170,023350160895;0,258163253841072;0,310429787065683;0,152429343844094;0,27897761524915;0;10;0,282653006742518;0,462552601168233;0,742768647717256;0,396354237930141;0;44,35934842424;46,4006022019551;41,9565055000459;50,3593752972645;0;183,075831423506
"2016-11-30";102,915039;106,508522;87,002151;111,75;199,036835;2016-11-30;"2016-11";45,8649469257444;48,4450668892335;25,9052006125958;43,4689611079335;0;163,684175535507;0,280203915715696;0,295966709859039;0,158263317317295;0,26556605710797;0;11;0,282653006742518;0,462552601168233;0,742768647717256;0,396354237930141;0;46,3514215585988;42,5893704627522;41,9381356046883;46,1510586941708;0;177,02998632021
"2016-12-30";104,959602;106,015839;87,021225;109,610001;203,071655;2016-12-30;"2016-12";46,7761235078311;48,220971573272;25,9108799640923;42,6365357540004;0;163,544510799196;0,286014634665813;0,294849220787844;0,15843319862876;0,260702945917584;0;12;0,282653006742518;0,462552601168233;0,742768647717256;0,396354237930141;0;44,2198065859439;44,2198065859439;44,2198065859439;44,2198065859439;0;176,879226343776
"2017-01-31";106,907379;106,879082;87,059296;115,550003;206,705597;2017-01-31;"2017-01";47,644166600427;48,6136149420032;25,9222157400609;44,9471014445512;0;167,127098727042;0,285077446825311;0,290878112001457;0,155104803095984;0,268939638077248;0;1;0,282653006742518;0,462552601168233;0,742768647717256;0,396354237930141;0;45,0404110906423;44,5798701279272;44,2391523519514;46,6161731324612;0;180,475606702982
"2017-02-28";110,857452;108,572678;87,103081;119,230003;214,827332;2017-02-28;"2017-02";49,4045496334433;49,3839417662111;25,9352528798993;46,3785625351748;0;171,102306814729;0,288742744344991;0,288622302560097;0,151577458905813;0,2710574941891;0;2;0,282653006742518;0,462552601168233;0,742768647717256;0,396354237930141;0;46,7045891242095;45,2862786067087;44,2614016851614;48,1007902910384;0;184,353059707118
"2017-03-31";110,918678;107,861382;87,087875;118,720001;215,095901;2017-03-31;"2017-03";49,431835511851;49,0604110134508;25,9307252391917;46,180179921278;0;170,603151685772;0,2897474930762;0,287570367420958;0,151994409147568;0,270687730355274;0;3;0,282653006742518;0,462552601168233;0,742768647717256;0,396354237930141;0;46,7303838283285;44,9895930185735;44,2536747613109;47,8950409105741;0;183,868692518787
"2017-04-28";112,098076;109,558289;87,152641;120,769997;217,230942;2017-04-28;"2017-04";49,9574440837365;49,8322438356151;25,9500095465748;46,9775955489775;0;172,717293014904;0,289244019586537;0,288519134162872;0,150245578156065;0,271991268094526;0;4;0,282653006742518;0,462552601168233;0,742768647717256;0,396354237930141;0;47,2272678718469;45,697382534198;44,2865855827036;48,7220678770455;0;185,933303865794
"2017-05-31";113,231789;111,626633;87,166;120,620003;220,296738;2017-05-31;"2017-05";50,4626927537003;50,7730236112461;25,953987236448;46,9192502840789;0;174,108953885473;0,289833989737794;0,291616384328194;0,149067504325597;0,269482121608414;0;5;0,282653006742518;0,462552601168233;0,742768647717256;0,396354237930141;0;47,7049046828552;46,5601005251691;44,2933739541174;48,6615560112619;0;187,219935173404
"2017-06-30";114,304428;112,510513;87,255692;118,019997;221,701111;2017-06-30;"2017-06";50,9407232853264;51,1750536546454;25,9806933491894;45,90788957093;0;174,004359860091;0,292755442026197;0,294102134543025;0,149310588367322;0,263831835063457;0;6;0,282653006742518;0,462552601168233;0,742768647717256;0,396354237930141;0;48,1568108278169;46,9287718766752;44,3389509141327;47,6126392938696;0;187,037172912494
"2017-07-31";116,453659;111,769836;87,284294;120,75;226,257996;2017-07-31;"2017-07";51,8985460360534;50,8381590462655;25,9892096966521;46,9698170360892;0;175,69573181506;0,295388769550091;0,289353409562495;0,147921690687448;0,267336130199966;0;7;0,282653006742518;0,462552601168233;0,742768647717256;0,396354237930141;0;49,0622885289282;46,6198313071189;44,3534850109346;48,7140005158172;0;188,749605362799
"2017-08-31";116,628151;115,57975;87,383614;125,82;226,918121;2017-08-31;"2017-08";51,9763098536328;52,5710864694084;26,0187825807161;48,9419658756169;0;179,508144779374;0,28954847657478;0,292861844982139;0,144944858143873;0,272644820299209;0;8;0,282653006742518;0,462552601168233;0,742768647717256;0,396354237930141;0;49,1358025509306;48,2089680038447;44,4039544359526;50,759383394618;0;192,508108385346
"2017-09-29";119,473984;112,894936;87,446709;121,580002;231,490402;2017-09-29;"2017-09";53,2445791053651;51,3499072494475;26,0375693418923;47,2926745274315;0;177,924730224136;0,299253392365926;0,288604665494002;0,146340361506195;0,265801580633876;0;9;0,282653006742518;0,462552601168233;0,742768647717256;0,396354237930141;0;50,3347608400055;47,0891168861336;44,4360161392502;49,0488470405057;0;190,908740905895
"2017-10-31";122,066017;112,85141;87,507904;120,669998;236,945267;2017-10-31;"2017-10";54,3997402667458;51,3301095849806;26,0557903712952;46,9386975387598;0;178,724337761781;0,304377909287622;0,287202684468176;0,145787589410596;0,262631816833606;0;10;0,282653006742518;0,462552601168233;0,742768647717256;0,396354237930141;0;51,4267924001517;47,0709619451397;44,4671123581787;48,6817254229041;0;191,646592126374
"2017-11-30";125,764984;113,690086;87,555763;121,099998;244,187714;2017-11-30;"2017-11";56,0482158130173;51,7115787308805;26,0700405591569;47,1059606553272;0;180,935795758382;0,309768531860124;0,285800709108634;0,144084482840368;0,260346276190874;0;11;0,282653006742518;0,462552601168233;0,742768647717256;0,396354237930141;0;52,9851786953645;47,4207784523531;44,4914318931358;48,8551997104552;0;193,752588751309
"2017-12-29";127,225174;115,750839;87,620911;123,650002;247,149185;2017-12-29;"2017-12";56,6989616855569;52,6489057639904;26,0894386084018;48,0978713909073;0;183,535177448856;0,308926945088532;0,286860025940594;0,142149526706791;0,262063502264083;0;12;0,282653006742518;0,462552601168233;0,742768647717256;0,396354237930141;0;49,0722931238688;49,0722931238688;49,0722931238688;49,0722931238688;0;196,289172495475
"2018-01-31";133,880737;111,982506;87,735931;127,650002;261,078278;2018-01-31;"2018-01";59,6650689398713;50,9348913281699;26,1236862234344;49,6538073589765;0;186,377453850452;0,320130293161672;0,27328891062671;0,140165485061277;0,266415311150341;0;1;0,282653006742518;0,462552601168233;0,742768647717256;0,396354237930141;0;51,6394245191096;47,4747173035816;49,136710339927;50,659751023752;0;198,91060318637
"2018-02-28";128,847366;108,57663;87,808838;125;251,585419;2018-02-28;"2018-02";57,4219051028292;49,3857393210053;26,1453945425892;48,6229990021627;0;181,576037968586;0,316241645898031;0,271983791878691;0,143991436508338;0,26778312571494;0;2;0,282653006742518;0,462552601168233;0,742768647717256;0,396354237930141;0;49,6979922589094;46,030804267102;49,1775420732878;49,6080593713504;0;194,51439797065
"2018-03-29";126,317886;111,681587;87,923157;125,790001;244,689285;2018-03-29;"2018-03";56,2946212084925;50,7980192656392;26,1794334323729;48,9302967448404;0;182,202370651345;0,308967556279581;0,278799990823633;0,14368327557312;0,268549177323666;0;3;0,282653006742518;0,462552601168233;0,742768647717256;0,396354237930141;0;48,7223411349348;47,3471434086353;49,2415666926806;49,9215827034418;0;195,232633939693
"2018-04-30";126,885635;109,34948;88,014465;124,589996;245,953888;2018-04-30;"2018-04";56,5476432935557;49,7372677174405;26,2066207148751;48,4635140094996;0;180,955045735371;0,312495532046402;0,274859800207928;0,144823929105573;0,267820738640097;0;4;0,282653006742518;0,462552601168233;0,742768647717256;0,396354237930141;0;48,9413288122382;46,3584521880021;49,2927039484957;49,4453433491545;0;194,03782829789
"2018-05-31";130,338593;111,541275;88,146347;123,099998;251,932831;2018-05-31;"2018-05";58,0864828737149;50,7341987928946;26,2458890505188;47,8839286393618;0;182,95049935649;0,317498356539218;0,277311070324197;0,143458963724264;0,26173160941232;0;5;0,282653006742518;0,462552601168233;0,742768647717256;0,396354237930141;0;50,2731766045659;47,2876584696726;49,3665647665116;48,8540160751769;0;195,781415915927
"2018-06-29";131,255646;112,26162;88,277458;118,650002;253,381668;2018-06-29;"2018-06";58,4951752046102;51,0618454548991;26,2849278181639;46,1529514308208;0;181,994899908494;0,321411068299283;0,280567452607588;0,144426727514781;0,253594751578348;0;6;0,282653006742518;0,462552601168233;0,742768647717256;0,396354237930141;0;50,6268950724701;47,5930470205954;49,4399937842008;47,0879707490148;0;194,747906626281
"2018-07-31";135,611191;110,648544;88,400032;115,989998;262,768616;2018-07-31;"2018-07";60,4362602219097;50,3281428999297;26,3214246636257;45,1182524561188;0;182,204080241584;0,331695427137402;0,276218528329331;0,144461225175233;0,247624819358033;0;7;0,282653006742518;0,462552601168233;0,742768647717256;0,396354237930141;0;52,3068816209986;46,9091872837076;49,5086416353669;46,0323096581345;0;194,757020198208
"2018-08-31";140,265854;112,100327;88,54023;113,510002;271,156097;2018-08-31;"2018-08";62,5106496748664;50,9884818401663;26,3631691179149;44,1535737118519;0;184,015874344799;0,339702484350546;0,277087409016826;0,143265732979737;0,23994437365289;0;8;0,282653006742518;0,462552601168233;0,742768647717256;0,396354237930141;0;54,102241611065;47,5246672365419;49,5871598483467;45,0480873476648;0;196,262156043618
"2018-09-28";140,540955;108,88942;88,664146;112,760002;272,768311;2018-09-28;"2018-09";62,6332507338255;49,5280108706216;26,4000655486608;43,8618357178389;0;182,423162870947;0,343340449469866;0,271500669603342;0,144718823712848;0,240440057213943;0;9;0,282653006742518;0,462552601168233;0,742768647717256;0,396354237930141;0;54,2083514043254;46,1634108442882;49,6565592897053;44,7504389914367;0;194,778760529756
"2018-10-31";130,125961;105,69838;88,815414;115,150002;253,918854;2018-10-31;"2018-10";57,991721646498;48,0765763436622;26,4451061349133;44,7915074587603;0;177,304911583834;0,32707340777234;0,271151971562449;0,149150443147253;0,252624177517958;0;10;0,282653006742518;0,462552601168233;0,742768647717256;0,396354237930141;0;50,1911618624873;44,8105770194726;49,7412772816954;45,6989450866169;0;190,441961250272
"2018-11-30";132,746155;107,587418;88,980537;115,540001;258,628845;2018-11-30;"2018-11";59,1594329927975;48,9357993480553;26,4942720968072;44,943210826663;0;179,532715264323;0,329518956507164;0,272573159025685;0,147573505239979;0,250334379227173;0;11;0,282653006742518;0,462552601168233;0,742768647717256;0,396354237930141;0;51,2018024768158;45,6114301904645;49,8337547983637;45,8537218349911;0;192,500709300635
"2018-12-31";120,565186;113,885071;89,143173;121,25;235,856949;2018-12-31;"2018-12";53,7308823930242;51,8002670460502;26,5426975455852;47,1643090320978;0;179,238156016757;0,299773684281826;0,289002454595701;0,14808620070329;0,263137660419182;0;12;0,282653006742518;0,462552601168233;0,742768647717256;0,396354237930141;0;48,2073543054205;48,2073543054205;48,2073543054205;48,2073543054205;0;192,829417221682
"2019-01-31";130,861847;114,316254;89,299118;124,75;254,741058;2019-01-31;"2019-01";58,3196753902982;51,9963892800673;26,5891307252606;48,5257530041584;0;185,430948399785;0,314508855687684;0,280408366180409;0,143391008646168;0,261691769485739;0;1;0,282653006742518;0,462552601168233;0,742768647717256;0,396354237930141;0;52,3244199481493;48,3898733262979;48,2916871333215;49,5989068008347;0;198,604887208603
"2019-02-28";135,518936;112,74276;89,464172;123,989998;262,998566;2019-02-28;"2019-02";60,3951460104227;51,2806904735454;26,6382761421586;48,2301243922572;0;186,544237018384;0,323757769072602;0,274898283073155;0,142798708595502;0,25854523925874;0;2;0,282653006742518;0,462552601168233;0,742768647717256;0,396354237930141;0;54,1865324443294;47,7238160275721;48,3809459782756;49,2967403209433;0;199,58803477112
"2019-03-29";137,438828;119,024414;89,620705;122,010002;267,759094;2019-03-29;"2019-03";61,2507619198056;54,1378810766131;26,6848844009301;47,459937643999;0;189,533465041348;0,32316594806328;0,285637584184949;0,140792468470455;0,250403999281316;0;3;0,282653006742518;0,462552601168233;0,742768647717256;0,396354237930141;0;54,9541911436835;50,3828293411087;48,4655967881755;48,5095207853119;0;202,31213805828
"2019-04-30";142,83345;116,654518;89,793236;121,199997;278,697632;2019-04-30;"2019-04";63,6549202830401;53,0599413203884;26,7362561212327;47,144858665545;0;190,595976390206;0,33397830053201;0,278389619368245;0,14027712771069;0,247354952389055;0;4;0,282653006742518;0,462552601168233;0,742768647717256;0,396354237930141;0;57,111202323493;49,3796564481578;48,5588990879003;48,1874737912982;0;203,237231650849
"2019-05-31";133,620789;124,632797;89,983742;123,330002;260,924805;2019-05-31;"2019-05";59,5492209419567;56,6888364788056;26,792979961864;47,9733965134618;0;191,004433896088;0,31176878843741;0,296793301194495;0,140274125659513;0,251163784708583;0;5;0,282653006742518;0,462552601168233;0,742768647717256;0,396354237930141;0;53,4275683686403;52,7568482005385;48,6619220108033;49,0343348692967;0;203,880673449279
"2019-06-28";143,078644;125,817001;90,14711;133,199997;279,081573;2019-06-28;"2019-06";63,7641930375936;57,2274679508534;26,8416233662515;51,8126665697526;0;199,645950924451;0,319386357410889;0,286644771335779;0,134446119452774;0,259522751800557;0;6;0,282653006742518;0,462552601168233;0,742768647717256;0,396354237930141;0;57,2092418523464;53,2581197130961;48,7502690910465;52,9585109184326;0;212,176141574922
"2019-07-31";145,099625;126,139664;90,309784;133,210007;283,301147;2019-07-31;"2019-07";64,6648601043664;57,3742302035272;26,890060129665;51,8165602995127;0;200,745710737071;0,322123246703198;0,285805509830662;0,13395085768425;0,258120385781891;0;7;0,282653006742518;0,462552601168233;0,742768647717256;0,396354237930141;0;58,0173204556633;53,3947024049772;48,8382408660055;52,9624907585694;0;213,212754485215
"2019-08-30";142,077667;140,077011;90,462837;143,75;278,557709;2019-08-30;"2019-08";63,318099274962;63,7135887355465;26,9356322060308;55,9164488524871;0;209,883769069026;0,301681733446182;0,303566059529798;0,128335946726649;0,266416260297371;0;8;0,282653006742518;0,462552601168233;0,742768647717256;0,396354237930141;0;56,8090064735317;59,2943573729807;48,9210097416266;57,1530489187975;0;222,177422506936
"2019-09-30";144,605713;136,32312;90,60923;138,869995;283,977905;2019-09-30;"2019-09";64,4447440952184;62,0061431980909;26,9792212436545;54,0182050265227;0;207,448313563486;0,310654461288238;0,298899239685141;0,130052738343413;0,260393560683207;0;9;0,282653006742518;0,462552601168233;0,742768647717256;0,396354237930141;0;57,8198323451262;57,7053417814558;49,0001769844039;55,2128251658307;0;219,738176276817
"2019-10-31";147,651016;134,805511;90,754883;142,429993;290,255127;2019-10-31;"2019-10";65,8019088189068;61,3158635083896;27,0225899436401;55,4029872601363;0;209,543349531073;0,314025279094573;0,292616604848617;0,128959425360493;0,264398690696317;0;10;0,282653006742518;0,462552601168233;0,742768647717256;0,396354237930141;0;59,0374807024916;57,0629405069279;49,0789440457542;56,6282320517077;0;221,807597306881
"2019-11-29";153,243729;134,256699;90,853111;137,860001;300,76181;2019-11-29;"2019-11";68,2943480912266;61,0662380929734;27,0518376808113;53,6253335284892;0;210,0377573935;0,325152719866832;0,290739335873632;0,128795117680343;0,255312826579192;0;11;0,282653006742518;0,462552601168233;0,742768647717256;0,396354237930141;0;61,2736975248132;56,830629333051;49,1320643446997;54,8112652598155;0;222,047656462379
"2019-12-31";157,540894;129,963882;90,954483;142,899994;309,500641;2019-12-31;"2019-12";70,209415573795;59,1136637561683;27,0820215551904;55,5858101253684;0;211,990911010522;0,331190687558818;0,278849991607585;0,12775086170485;0,262208459128747;0;12;0,282653006742518;0,462552601168233;0,742768647717256;0,396354237930141;0;56,0018416361633;56,0018416361633;56,0018416361633;56,0018416361633;0;224,007366544653
"2020-01-31";157,444595;139,959595;91,063919;149,330002;309,375641;2020-01-31;"2020-01";70,1664991199228;63,6601824365288;27,1146065143168;58,0869803059116;0;219,02826837668;0,320353622114439;0,290648247864734;0,123795009271067;0,265203120749761;0;1;0,282653006742518;0,462552601168233;0,742768647717256;0,396354237930141;0;55,9676097538196;60,3090255079603;56,069222784834;58,5217318030954;0;230,867589849709
"2020-02-28";144,850571;149,233994;91,171478;148,380005;284,883667;2020-02-28;"2020-02";64,5538671085648;67,8786137082766;27,1466325900019;57,7174466804472;0;217,29656008729;0,297077261980737;0,312377764659546;0,124928956901558;0,265616016458159;0;2;0,282653006742518;0,462552601168233;0,742768647717256;0,396354237930141;0;51,490749684649;64,3053929300153;56,135448240533;58,149432406436;0;230,081023261633
"2020-03-31";124,737053;158,750122;91,357925;148,050003;249,309891;2020-03-31;"2020-03";55,5901097751007;72,2069946568593;27,2021478489133;57,5890811851135;0;212,588333465987;0,261491817865889;0,339656431186108;0,127956917510083;0,27089483343792;0;3;0,282653006742518;0,462552601168233;0,742768647717256;0,396354237930141;0;44,3408978513712;68,4059221312395;56,2502460495376;58,0201061606727;0;227,017172192821
"2020-04-30";141,118988;160,685242;91,339981;158,800003;280,96814;2020-04-30;"2020-04";62,8908559694056;73,0871779142957;27,1968049589451;61,7706590992995;0;224,945497941946;0,279582639105036;0,324910605382101;0,120903975441927;0,274602780070937;0;4;0,282653006742518;0,462552601168233;0,742768647717256;0,396354237930141;0;50,1642653991263;69,2397713678064;56,2391976986133;62,2329810582655;0;237,876215523811
"2020-05-29";148,734238;157,854065;91,324013;162,910004;294,354889;2020-05-29;"2020-05";66,2846557528976;71,799425943235;27,1920504300211;63,3693836954746;0;228,645515821628;0,289901402678756;0,314020704430729;0,118926672724403;0,277151220166113;0;5;0,282653006742518;0,462552601168233;0,742768647717256;0,396354237930141;0;52,8712960226785;68,0198083784125;56,2293659962304;63,8436712947288;0;240,96414169205
"2020-06-30";152,152435;158,385468;91,324013;167,369995;299,575165;2020-06-30;"2020-06";67,8080038029988;72,0411329296501;27,1920504300211;65,1042487990158;0;232,145435961686;0,292092771594227;0,31032758680442;0,117133685258016;0,280445956343337;0;6;0,282653006742518;0,462552601168233;0,742768647717256;0,396354237930141;0;54,0863794350857;68,2487915866164;56,2293659962304;65,5915209809976;0;244,15605799893
"2020-07-31";160,890991;165,410126;91,334;185,429993;317,217773;2020-07-31;"2020-07";71,7024142899603;75,2362765697429;27,1950240948735;72,1292989168803;0;246,263013871457;0,291161929527051;0,305511880923436;0,11043081000003;0,292895379549484;0;7;0,282653006742518;0,462552601168233;0,742768647717256;0,396354237930141;0;57,192717204381;71,2757386030513;56,2355151202095;72,6691500251628;0;257,373120952805
"2020-08-31";172,322113;157,062622;91,334;184,830002;339,358521;2020-08-31;"2020-08";76,7967893096472;71,4394405791154;27,1950240948735;71,8959120225258;0;247,327166006162;0,310506890730046;0,288845910996027;0,109955669383265;0,290691528890662;0;8;0,282653006742518;0,462552601168233;0,742768647717256;0,396354237930141;0;61,2561947416334;67,6787731240944;56,2355151202095;72,4340163486343;0;257,604499334572
"2020-09-30";166,226074;158,277359;91,314034;177,119995;326,651794;2020-09-30;"2020-09";74,080038600431;71,9919598903666;27,1890791471971;68,8968427211845;0;242,157920359179;0,305916232227929;0,297293434728812;0,112278298008461;0,284512035034797;0;9;0,282653006742518;0,462552601168233;0,742768647717256;0,396354237930141;0;59,0892055744533;68,2022070817195;56,2232217979539;69,4125005392794;0;252,927134993406
"2020-10-30";162,985703;152,919327;91,324013;176,199997;318,507141;2020-10-30;"2020-10";72,6359401928627;69,5548758546436;27,1920504300211;68,5389782264966;0;237,921844704024;0,305293279325495;0,292343378310513;0,114289843641084;0,288073498722908;0;10;0,282653006742518;0,462552601168233;0,742768647717256;0,396354237930141;0;57,9373348507514;65,8934144007999;56,2293659962304;69,051957610904;0;249,112072858686
"2020-11-30";182,223068;155,463745;91,314034;166,669998;353,153381;2020-11-30;"2020-11";81,2092326221274;70,7121963947237;27,1890791471971;64,8319611715557;0;243,942469335604;0,332903216251385;0,289872430115649;0,111456931715288;0,265767421917678;0;11;0,282653006742518;0,462552601168233;0,742768647717256;0,396354237930141;0;64,7757362389464;66,9898120437405;56,2232217979539;65,317195419166;0;253,305965499807
"2020-12-31";190,744431;153,555222;91,317024;178,360001;366,237091;2020-12-31;"2020-12";85,0068492341174;69,8441106992463;27,1899694303561;69,3791852051899;0;251,42011456891;0,338106795392532;0,277798420460521;0,108145561372353;0,275949222774594;0;12;0,282653006742518;0,462552601168233;0,742768647717256;0,396354237930141;0;65,0239516912885;65,0239516912885;65,0239516912885;65,0239516912885;0;260,095806765154
"2021-01-29";190,107437;147,976898;91,317024;172,610001;362,504974;2021-01-29;"2021-01";84,7229675363024;67,3068275388451;27,1899694303561;67,1425272510904;0;246,362291756594;0,343895841089223;0,273202636080948;0,110365791925738;0,272535730904092;0;1;0,282653006742518;0,462552601168233;0,742768647717256;0,396354237930141;0;64,8068031912432;62,6617743223263;65,0239516912885;62,9276984947833;0;255,420227699641
"2021-02-26";196,075546;139,493423;91,307053;161,809998;372,584595;2021-02-26;"2021-02";87,3827051722378;63,4481455656961;27,1870005295607;62,9414989703516;0;240,959350237846;0,362645006661846;0,263314727164842;0,112828161690862;0,26121210448245;0;2;0,282653006742518;0,462552601168233;0,742768647717256;0,396354237930141;0;66,8413057414348;59,0693919768125;65,0168516589625;58,9903870493894;0;249,917936426599
"2021-03-31";203,228226;132,17662;91,297073;159,960007;389,499695;2021-03-31;"2021-03";90,5703567707261;60,1201206894299;27,1840289489832;62,2218820859755;0;240,096388495115;0,377224985925055;0,250399937567796;0,113221315486535;0,259153761020614;0;3;0,282653006742518;0,462552601168233;0,742768647717256;0,396354237930141;0;69,2796234230831;55,9710444337594;65,0097452180224;58,3159436498667;0;248,576356724732
"2021-04-30";213,463898;135,474579;91,297073;165,660004;410,108337;2021-04-30;"2021-04";95,1319695106224;61,6201869879084;27,1840289489832;64,4390896735221;0;248,375275121036;0,383017067476879;0,2480930799488;0,109447403473377;0,259442449100943;0;4;0,282653006742518;0,462552601168233;0,742768647717256;0,396354237930141;0;72,7689197457415;57,3675864979287;65,0097452180224;60,3939674640092;0;255,540218925702
"2021-05-28";214,437271;135,477524;91,287094;178,380005;412,801086;2021-05-28;"2021-05";95,5657613200386;61,6215265119137;27,1810576661592;69,3869664409662;0;253,755311939078;0,376605953939527;0,242838370716385;0,107115226311735;0,273440449032353;0;5;0,282653006742518;0,462552601168233;0,742768647717256;0,396354237930141;0;73,1007383922823;57,368833577222;65,0026394891505;65,0312444650177;0;260,503455923672
"2021-06-30";219,759583;141,464401;91,267136;165,630005;422,059174;2021-06-30;"2021-06";97,937694127665;64,3446387218701;27,1751151005113;64,4274205427456;0;253,884868492792;0,385756326121679;0,253440227075592;0,107037159251902;0,253766287550826;0;6;0,282653006742518;0,462552601168233;0,742768647717256;0,396354237930141;0;74,9150915377954;59,9040153558637;64,9884280314069;60,3830308553758;0;260,190565780442
"2021-07-30";223,576447;146,722153;91,257156;169,820007;432,362701;2021-07-30;"2021-07";99,6387114569475;66,7361107143836;27,1721435199338;66,0572642472661;0;259,604229938531;0,38381004608646;0,257068656894325;0,104667568499818;0,254453728519397;0;7;0,282653006742518;0,462552601168233;0,742768647717256;0,396354237930141;0;76,216243970121;62,1304444385085;64,9813215904668;61,9105621746563;0;265,238572173753
"2021-08-31";229,967438;146,223022;91,247185;169,690002;445,229736;2021-08-31;"2021-08";102,486909989116;66,509082545863;27,1691746191384;66,0066943833839;0;262,171861537502;0,390914987550853;0,25368505283451;0,103631161863845;0,251768797750792;0;8;0,282653006742518;0,462552601168233;0,742768647717256;0,396354237930141;0;78,3949051654429;61,9190841890236;64,9742215581408;61,8631668012978;0;267,151377713905
"2021-09-30";219,70134;141,972321;91,257156;164,220001;424,479614;2021-09-30;"2021-09";97,9117376481286;64,575664539451;27,1721435199338;63,8789515580653;0;253,538497265579;0,386180949655023;0,254697670120718;0,107171667470567;0,251949712753692;0;9;0,282653006742518;0,462552601168233;0,742768647717256;0,396354237930141;0;74,8952367509557;60,119097364231;64,9813215904668;59,8689916567524;0;259,864647362406
"2021-10-29";234,393616;145,47197;91,247185;166,649994;454,262604;2021-10-29;"2021-10";104,459473192964;66,1674689013014;27,1691746191384;64,8241799357794;0;262,620296649183;0,397758568266733;0,25195108582826;0,103454207332009;0,246836138572997;0;10;0,282653006742518;0,462552601168233;0,742768647717256;0,396354237930141;0;79,9037701055105;61,6010463630899;64,9742215581408;60,7548839339237;0;267,233921960665
"2021-11-30";230,970352;149,503708;91,227226;165,5;450,612701;2021-11-30;"2021-11";102,933866991981;68,0012922745134;27,1632317557369;64,3768506788634;0;262,475241701094;0,392166005162503;0,259076977446707;0,103488738898544;0,245268278492245;0;11;0,282653006742518;0,462552601168233;0,742768647717256;0,396354237930141;0;78,7367942111395;63,3083118896503;64,9600093883289;60,3356354820173;0;267,340750971136
"2021-12-31";239,731125;146,493011;91,227226;170,960007;471,452515;2021-12-31;"2021-12";106,838178670602;66,6318861949866;27,1632317557369;66,5007059981658;0;267,134002619491;0,39994226726271;0,24943244042915;0,101683917020584;0,248941375287556;0;12;0,282653006742518;0,462552601168233;0,742768647717256;0,396354237930141;0;67,7607232910165;67,7607232910165;67,7607232910165;67,7607232910165;0;271,042893164066
"2022-01-31";225,204666;140,75943;91,227226;168,089996;446,587494;2022-01-31;"2022-01";100,364340857122;64,023984875505;27,1632317557369;65,3843176622523;0;256,935875150616;0,390620191899198;0,249182738058568;0,105719887266867;0,254477182775367;0;1;0,282653006742518;0,462552601168233;0,742768647717256;0,396354237930141;0;63,6547759773446;65,1086404854578;67,7607232910165;66,6231822682604;0;263,147322022079
"2022-02-28";219,604599;138,460815;91,207283;178,380005;433,405579;2022-02-28;"2022-02";97,8686242132637;62,9784670583711;27,1572936563925;69,3869664409662;0;257,391351368993;0,380232761096002;0,244679810426442;0,105509736484735;0,26957769199282;0;2;0,282653006742518;0,462552601168233;0,742768647717256;0,396354237930141;0;62,0719002018351;64,0454101381235;67,7459102558751;70,7016709437497;0;264,564891539583
"2022-03-31";226,76358;130,92247;91,249191;180,649994;449,697449;2022-03-31;"2022-03";101,059083905043;59,5496744988506;27,1697719127895;70,2699558240216;0;258,048486140705;0,391628276594264;0,23076932319758;0,105289406340384;0,272312993867772;0;3;0,282653006742518;0,462552601168233;0,742768647717256;0,396354237930141;0;64,0954077066976;60,5585290498699;67,7770382043636;71,6013907039545;0;264,032365664886
"2022-04-29";206,056351;118,584511;91,239204;176,910004;410,227936;2022-04-29;"2022-04";91,8307343043183;53,937792577969;27,166798247937;68,8151595837168;0;241,750484713941;0,379857498167914;0,223113482654616;0,112375362060113;0,284653657117356;0;4;0,282653006742518;0,462552601168233;0,742768647717256;0,396354237930141;0;58,2424471685418;54,8515740213129;67,7696201738789;70,1190298176382;0;250,982671181372
"2022-05-31";205,538422;115,912445;91,26915;171,139999;411,153931;2022-05-31;"2022-05";91,5999149184722;52,7224117457907;27,175714776191;66,570720004857;0;238,068761445311;0,38476242898216;0,221458755973333;0,114150695837655;0,279628119206852;0;5;0,282653006742518;0,462552601168233;0,742768647717256;0,396354237930141;0;58,0960529794126;53,6156029425197;67,7918631238034;67,8320638830101;0;247,335582928746
"2022-06-30";188,619995;114,435066;91,340027;168,460007;377,25;2022-06-30;"2022-06";84,0600765822881;52,0504305453028;27,1968186556091;65,5282460181226;0;228,835571801323;0,367338329091903;0,227457777370791;0,118848736852947;0,286355156684359;0;6;0,282653006742518;0,462552601168233;0,742768647717256;0,396354237930141;0;53,3140087185088;52,9322374431584;67,8445083372477;66,7698376961912;0;240,860592195106
"2022-07-29";206,25;117,217003;91,373001;164,100006;411,98999;2022-07-29;"2022-07";91,9170355989933;53,3157858569335;27,2066367816575;63,8322754239432;0;236,271733661527;0,389031028699648;0,225654525112646;0,115149774202921;0,270164671984786;0;7;0,282653006742518;0,462552601168233;0,742768647717256;0,396354237930141;0;58,2971826406444;54,2190296387945;67,8690003906375;65,0417328224615;0;245,426945492538
"2022-08-03";207,949997;119,349998;91,379997;164,449997;414,450012;2022-08-03;"2022-08";92,6746534645311;54,2859719369675;27,2087198655974;63,9684163202933;0;238,137761587389;0,389164040372162;0,227960368717274;0,114256217427376;0,268619373483188;0;8;0,282653006742518;0,462552601168233;0,742768647717256;0,396354237930141;0;58,7776919041477;55,2056520243234;67,8741968000969;65,1804532385489;0;247,037993967117
